{"First EP Train ACC": 0.0625, "First EP Train F1": 0.009142857142857142, "First EP Train Loss": 0.39658621698617935, "_runtime": 28, "_timestamp": 1618637494, "_step": 5, "First EP Valid ACC": 0.08333333333333333, "First EP Valid F1": 0.013986013986013984, "First EP Valid Loss": 0.4067544837792714}