{"First EP Train ACC": 0.4851778656126482, "First EP Train F1": 0.016260792228655525, "First EP Train Loss": 0.3156990792617025, "_runtime": 127, "_timestamp": 1618838787, "_step": 1011}