{"First EP Train ACC": 0.4799901185770751, "First EP Train F1": 0.01591485306500425, "First EP Train Loss": 0.2929410635909662, "_runtime": 105, "_timestamp": 1618765905, "_step": 1011}