{"First EP Train ACC": 0.4838191699604743, "First EP Train F1": 0.01681845119173943, "First EP Train Loss": 0.31151935218174465, "_runtime": 1414, "_timestamp": 1618842158, "_step": 1026, "Train ACC": 0.6875, "Valid ACC": 0.6377777777777778, "Train F1": 0.16513860260963142, "Valid F1": 0.19798942750258486, "Train Loss": 0.1399623731081282, "Valid Loss": 0.002823974159028795}