{"First EP Train ACC": 0.4870843230403801, "First EP Train F1": 0.016075436432111782, "First EP Train Loss": 0.14092358168117225, "_runtime": 1021, "_timestamp": 1618648781, "_step": 431, "First EP Valid        ACC": 0.4870843230403801, "First EP Valid F1": 0.016075436432111782, "First EP Valid Loss": 0.14092358168117225, "Train ACC": 0.48990498812351546, "Valid ACC": 0.5004444444444445, "Train F1": 0.015657917212321355, "Valid F1": 0.016269795399375793, "Train Loss": 0.13653709088184487, "Valid Loss": 0.004764653311835395}