{"First EP Train ACC": 0.44256422924901184, "First EP Train F1": 0.019148761038789708, "First EP Train Loss": 0.1519549010034371, "_runtime": 965, "_timestamp": 1618765095, "_step": 520, "Train ACC": 0.44256422924901184, "Valid ACC": 0.6977777777777778, "Train F1": 0.019148761038789708, "Valid F1": 0.28702882214421066, "Train Loss": 0.1519549010034371, "Valid Loss": 0.002334420680999756}