{"First EP Train ACC": 0.4744897959183674, "First EP Train F1": 0.015554047706038939, "First EP Train Loss": 0.3376723732875318, "_runtime": 61, "_timestamp": 1618801816, "_step": 489}