{"First EP Train ACC": 0.44256422924901184, "First EP Train F1": 0.019078749173864627, "First EP Train Loss": 0.15199709654207758, "_runtime": 957, "_timestamp": 1618763635, "_step": 520, "Train ACC": 0.44256422924901184, "Valid ACC": 0.6955555555555556, "Train F1": 0.019078749173864627, "Valid F1": 0.29302597109312845, "Train Loss": 0.15199709654207758, "Valid Loss": 0.0023463879691229925}