{"First EP Train ACC": 0.4799901185770751, "First EP Train F1": 0.01591485306500425, "First EP Train Loss": 0.2929410635909662, "_runtime": 3248, "_timestamp": 1618769181, "_step": 1051, "Train ACC": 0.9526926877470355, "Valid ACC": 0.7011111111111111, "Train F1": 0.6449198229742498, "Valid F1": 0.35983997698691206, "Train Loss": 0.022621418609711334, "Valid Loss": 0.0029737948046790227}