{"First EP Train ACC": 0.477149209486166, "First EP Train F1": 0.016218766446317475, "First EP Train Loss": 0.2975114825155895, "_runtime": 305, "_timestamp": 1618651425, "_step": 1015, "First EP Valid        ACC": 0.477149209486166, "First EP Valid F1": 0.016218766446317475, "First EP Valid Loss": 0.2975114825155895, "Train ACC": 0.49295948616600793, "Valid ACC": 0.48777777777777775, "Train F1": 0.015723307607149753, "Valid F1": 0.017721978887027433, "Train Loss": 0.27996969711874786, "Valid Loss": 0.00478611601723565}