{"First EP Train ACC": 0.02359189723320158, "First EP Train F1": 0.007850717180996511, "First EP Train Loss": 0.11849516918772295, "_runtime": 837, "_timestamp": 1618748583, "_step": 267, "Train ACC": 0.02359189723320158, "Valid ACC": 0.48777777777777775, "Train F1": 0.007850717180996511, "Valid F1": 0.017721978887027433, "Train Loss": 0.11849516918772295, "Valid Loss": 0.0050431561470031736}