{"First EP Train ACC": 0.4902420948616601, "First EP Train F1": 0.01582340280218386, "First EP Train Loss": 0.28104784882999223, "_runtime": 303, "_timestamp": 1618735085, "_step": 1015, "First EP Valid        ACC": 0.4902420948616601, "First EP Valid F1": 0.01582340280218386, "First EP Valid Loss": 0.28104784882999223, "Train ACC": 0.49308300395256915, "Valid ACC": 0.48777777777777775, "Train F1": 0.015725946235542528, "Valid F1": 0.017721978887027433, "Train Loss": 0.27436179573474667, "Valid Loss": 0.004811210367414686}