{"First EP Train ACC": 0.49098320158102765, "First EP Train F1": 0.01602929303677998, "First EP Train Loss": 0.2814093544755293, "_runtime": 271, "_timestamp": 1618736746, "_step": 1014, "Train ACC": 0.49308300395256915, "Valid ACC": 0.48777777777777775, "Train F1": 0.015725946235542528, "Valid F1": 0.017721978887027433, "Train Loss": 0.27454169392732997, "Valid Loss": 0.004811356332567003}