{"First EP Train ACC": 0.44762845849802374, "First EP Train F1": 0.02115161813027428, "First EP Train Loss": 0.32956747153383703, "_runtime": 3264, "_timestamp": 1618793812, "_step": 1051, "Train ACC": 0.9166254940711462, "Valid ACC": 0.6988888888888889, "Train F1": 0.5039912290381827, "Valid F1": 0.317648581790164, "Train Loss": 0.04235915543790815, "Valid Loss": 0.0029327294561598037}