{"First EP Train ACC": 0.4466743119266055, "First EP Train F1": 0.016583112473523433, "First EP Train Loss": 0.33955688374715115, "_runtime": 38, "_timestamp": 1618744388, "_step": 217}