{"First EP Train ACC": 0.48752470355731226, "First EP Train F1": 0.019687305530276086, "First EP Train Loss": 0.33451564059309336, "_runtime": 1658, "_timestamp": 1618807522, "_step": 1031, "Train ACC": 0.8903162055335968, "Valid ACC": 0.6966666666666667, "Train F1": 0.516285695189785, "Valid F1": 0.3522599468075778, "Train Loss": 0.18835360518557281, "Valid Loss": 0.004348363081614176}