{"First EP Train ACC": 0.4904891304347826, "First EP Train F1": 0.015833902557765837, "First EP Train PRC": 0.015603804852376814, "First EP Train REC": 0.02375034175943519, "First EP Train Loss": 0.13949288099474116, "_runtime": 104, "_timestamp": 1618600918, "_step": 511, "First EP Valid ACC": 0.4901447105788423, "First EP Valid F1": 0.015827934267716337, "First EP Valid PRC": 0.015596126510305614, "First EP Valid REC": 0.02374957248313106, "First EP Valid Loss": 0.13956789226232175, "Train ACC": 0.4904891304347826, "Valid ACC": 0.48777777777777775, "Train F1": 0.015833902557765837, "Valid F1": 0.017721978887027433, "Train PRC": 0.015603804852376814, "Valid PRC": 0.013183183183183183, "Train REC": 0.02375034175943519, "Valid REC": 0.02702702702702703, "Train Loss": 0.13949288099474116, "Valid Loss": 0.004913717905680339}