{"First EP Train ACC": 0.21453373015873015, "First EP Train F1": 0.015732178841999518, "First EP Train Loss": 0.05248876480710885, "_runtime": 265, "_timestamp": 1618746635, "_step": 130, "Train ACC": 0.21453373015873015, "Valid ACC": 0.48777777777777775, "Train F1": 0.015732178841999518, "Valid F1": 0.017721978887027433, "Train Loss": 0.05248876480710885, "Valid Loss": 0.004316472874747382}