{"First EP Train ACC": 0.23784046692607003, "First EP Train F1": 0.04138788452506621, "First EP Train Loss": 0.3578266128317855, "_runtime": 442, "_timestamp": 1618742231, "_step": 523, "Train ACC": 0.23784046692607003, "Valid ACC": 0.7785087719298246, "Train F1": 0.04138788452506621, "Valid F1": 0.44376339623593564, "Train Loss": 0.3578266128317855, "Valid Loss": 0.001676843616000393}