{"First EP Train ACC": 0.8812994071146245, "First EP Train F1": 0.4848438498754283, "First EP Train Loss": 0.1900800621144385, "_runtime": 1660, "_timestamp": 1618809326, "_step": 1031, "Train ACC": 0.970108695652174, "Valid ACC": 0.7055555555555556, "Train F1": 0.8114500470878978, "Valid F1": 0.4372532352485797, "Train Loss": 0.16692426005606595, "Valid Loss": 0.00467535310321384}