{"First EP Train ACC": 0.47579051383399207, "First EP Train F1": 0.01784812341171258, "First EP Train Loss": 0.15284229688375836, "_runtime": 212, "_timestamp": 1618744641, "_step": 508, "Train ACC": 0.47579051383399207, "Valid ACC": 0.6066666666666667, "Train F1": 0.01784812341171258, "Valid F1": 0.09844736062598192, "Train Loss": 0.15284229688375836, "Valid Loss": 0.003532753388086955}