{"First EP Train ACC": 0.4914772727272727, "First EP Train F1": 0.01577179039865607, "First EP Train Loss": 0.2805551432971309, "_runtime": 307, "_timestamp": 1618730060, "_step": 1015, "First EP Valid        ACC": 0.4914772727272727, "First EP Valid F1": 0.01577179039865607, "First EP Valid Loss": 0.2805551432971309, "Train ACC": 0.49308300395256915, "Valid ACC": 0.48777777777777775, "Train F1": 0.015725946235542528, "Valid F1": 0.017721978887027433, "Train Loss": 0.2742945763536475, "Valid Loss": 0.004794505702124701}