{"First EP Train ACC": 0.4904891304347826, "First EP Train F1": 0.015833902557765837, "First EP Train PRC": 0.015603804852376814, "First EP Train REC": 0.02375034175943519, "First EP Train Loss": 0.13949288099474116, "_runtime": 3129, "_timestamp": 1618604406, "_step": 546, "First EP Valid ACC": 0.4887749445676275, "First EP Valid F1": 0.015815676767292206, "First EP Valid PRC": 0.015569670988428829, "First EP Valid REC": 0.023742197312473557, "First EP Valid Loss": 0.13986045520281845, "Train ACC": 0.49308300395256915, "Valid ACC": 0.48777777777777775, "Train F1": 0.015725946235542528, "Valid F1": 0.017721978887027433, "Train PRC": 0.011740071522680218, "Valid PRC": 0.013183183183183183, "Train REC": 0.023809523809523808, "Valid REC": 0.02702702702702703, "Train Loss": 0.13571673621360963, "Valid Loss": 0.0048373434278700085}