{"First EP Train ACC": 0.4656620553359684, "First EP Train F1": 0.01602052001735535, "First EP Train Loss": 0.08013959653057129, "_runtime": 833, "_timestamp": 1618758958, "_step": 267, "Train ACC": 0.4656620553359684, "Valid ACC": 0.6666666666666666, "Train F1": 0.01602052001735535, "Valid F1": 0.27296800999704796, "Train Loss": 0.08013959653057129, "Valid Loss": 0.002495026058620877}