{"First EP Train ACC": 0.4388586956521739, "First EP Train F1": 0.022161880702485353, "First EP Train Loss": 0.38122582077803346, "_runtime": 1680, "_timestamp": 1618799281, "_step": 1031, "Train ACC": 0.7953310276679841, "Valid ACC": 0.6955555555555556, "Train F1": 0.29639142592522627, "Valid F1": 0.29021164704177466, "Train Loss": 0.2298024500694435, "Valid Loss": 0.00442298968633016}