{"First EP Train ACC": 0.41094367588932806, "First EP Train F1": 0.016625660390322414, "First EP Train Loss": 0.08690538419329602, "_runtime": 825, "_timestamp": 1618760278, "_step": 267, "Train ACC": 0.41094367588932806, "Valid ACC": 0.5733333333333334, "Train F1": 0.016625660390322414, "Valid F1": 0.11524305396173389, "Train Loss": 0.08690538419329602, "Valid Loss": 0.0035845730039808484}