{"First EP Train ACC": 0.016551383399209488, "First EP Train F1": 0.0071665897710291625, "First EP Train Loss": 0.1195297441758186, "_runtime": 837, "_timestamp": 1618750428, "_step": 267, "Train ACC": 0.016551383399209488, "Valid ACC": 0.48777777777777775, "Train F1": 0.0071665897710291625, "Valid F1": 0.017721978887027433, "Train Loss": 0.1195297441758186, "Valid Loss": 0.005054628584120009}