{"First EP Train ACC": 0.4870843230403801, "First EP Train F1": 0.016075436432111782, "First EP Train Loss": 0.14092358168117225, "_runtime": 80, "_timestamp": 1618646591, "_step": 420}