{"First EP Train ACC": 0.39710968379446643, "First EP Train F1": 0.0157591998058673, "First EP Train Loss": 0.08347506594398747, "_runtime": 827, "_timestamp": 1618747497, "_step": 267, "Train ACC": 0.39710968379446643, "Valid ACC": 0.6766666666666666, "Train F1": 0.0157591998058673, "Valid F1": 0.27140164110583453, "Train Loss": 0.08347506594398747, "Valid Loss": 0.002476188474231296}