{"First EP Train ACC": 0.44256422924901184, "First EP Train F1": 0.019148761038789708, "First EP Train Loss": 0.1519549010034371, "_runtime": 87, "_timestamp": 1618763777, "_step": 506, "Train ACC": 0.44256422924901184, "Valid ACC": 0.5066666666666667, "Train F1": 0.019148761038789708, "Valid F1": 0.03323122073453861, "Train Loss": 0.1519549010034371, "Valid Loss": 0.004220253891415066}