{"First EP Train ACC": 0.03125, "First EP Train F1": 0.017391304347826087, "First EP Train Loss": 0.11663705110549927, "_runtime": 20, "_timestamp": 1618759023, "_step": 0}