{"First EP Train ACC": 0.36846793349168644, "First EP Train F1": 0.013249750535749456, "First EP Train Loss": 0.3068031398955547, "_runtime": 78, "_timestamp": 1618637588, "_step": 420}