{"First EP Train ACC": 0.48925395256917, "First EP Train F1": 0.015759097000789417, "First EP Train Loss": 0.30799097690746013, "_runtime": 105, "_timestamp": 1618801956, "_step": 1011}