{"First EP Train ACC": 0.4116847826086957, "First EP Train F1": 0.01628056651919504, "First EP Train Loss": 0.08630247397915176, "_runtime": 841, "_timestamp": 1618761416, "_step": 267, "Train ACC": 0.4116847826086957, "Valid ACC": 0.5755555555555556, "Train F1": 0.01628056651919504, "Valid F1": 0.11500369401903783, "Train Loss": 0.08630247397915176, "Valid Loss": 0.0035836018456353084}