{"First EP Train ACC": 0.48221343873517786, "First EP Train F1": 0.017718319731711382, "First EP Train Loss": 0.16639798901710115, "_runtime": 264, "_timestamp": 1618840571, "_step": 508, "Train ACC": 0.49283596837944665, "Valid ACC": 0.48777777777777775, "Train F1": 0.015720668542114843, "Valid F1": 0.017721978887027433, "Train Loss": 0.13756643880615121, "Valid Loss": 0.004657586415608724}