{"First EP Train ACC": 0.4799901185770751, "First EP Train F1": 0.01591485306500425, "First EP Train Loss": 0.2929410635909662, "_runtime": 437, "_timestamp": 1618765626, "_step": 1016, "Train ACC": 0.4799901185770751, "Valid ACC": 0.6644444444444444, "Train F1": 0.01591485306500425, "Valid F1": 0.17073819311798566, "Train Loss": 0.2929410635909662, "Valid Loss": 0.0026901280879974366}