{"First EP Train ACC": 0.1573443579766537, "First EP Train F1": 0.015324349877251968, "First EP Train Loss": 0.3780817772163955, "_runtime": 143, "_timestamp": 1618741738, "_step": 516, "Train ACC": 0.1573443579766537, "Valid ACC": 0.1600877192982456, "Train F1": 0.015324349877251968, "Valid F1": 0.008117424663627264, "Train Loss": 0.3780817772163955, "Valid Loss": 0.0062629538669920805}