{"First EP Train ACC": 0.4902420948616601, "First EP Train F1": 0.01582340280218386, "First EP Train Loss": 0.28104784882999223, "_runtime": 143, "_timestamp": 1618734228, "_step": 1011}