{"First EP Train ACC": 0.4556541019955654, "First EP Train F1": 0.014295726045241803, "First EP Train Loss": 0.30694961025815315, "_runtime": 84, "_timestamp": 1618636131, "_step": 450}