{"First EP Train ACC": 0.48925395256917, "First EP Train F1": 0.015759097000789417, "First EP Train Loss": 0.30799097690746013, "_runtime": 1663, "_timestamp": 1618803676, "_step": 1031, "Train ACC": 0.8584486166007905, "Valid ACC": 0.7077777777777777, "Train F1": 0.32279303691762595, "Valid F1": 0.30320645930984524, "Train Loss": 0.06733598412965193, "Valid Loss": 0.0025396882163153753}