{"First EP Train ACC": 0.36846793349168644, "First EP Train F1": 0.013249750535749456, "First EP Train Loss": 0.3068031398955547, "_runtime": 549, "_timestamp": 1618638810, "_step": 429, "First EP Valid ACC": 0.36846793349168644, "First EP Valid F1": 0.013249750535749456, "First EP Valid Loss": 0.3068031398955547, "Train ACC": 0.418646080760095, "Valid ACC": 0.00044444444444444447, "Train F1": 0.015426280362125419, "Valid F1": 2.1670585430865417e-05, "Train Loss": 0.30476544432855274, "Valid Loss": 0.010846509297688801}