{"First EP Train ACC": 0.4861111111111111, "First EP Train F1": 0.01615419141525145, "First EP Train PRC": 0.027753784874650463, "First EP Train REC": 0.023741899424664488, "First EP Train Loss": 0.07094703808426857, "_runtime": 83, "_timestamp": 1618599881, "_step": 227, "First EP Valid ACC": 0.48305348258706465, "First EP Valid F1": 0.01655011609131359, "First EP Valid PRC": 0.028372560729710186, "First EP Valid REC": 0.02431121422812939, "First EP Valid Loss": 0.07142831235012012, "Train ACC": 0.4861111111111111, "Valid ACC": 0.4922222222222222, "Train F1": 0.01615419141525145, "Valid F1": 0.016492926284437825, "Train PRC": 0.027753784874650463, "Valid PRC": 0.012305555555555556, "Train REC": 0.023741899424664488, "Valid REC": 0.025, "Train Loss": 0.07094703808426857, "Valid Loss": 0.004892643822564019}