{"First EP Train ACC": 0.4851778656126482, "First EP Train F1": 0.016260792228655525, "First EP Train Loss": 0.3156990792617025, "_runtime": 1143, "_timestamp": 1618839999, "_step": 1023, "Train ACC": 0.6871294466403162, "Valid ACC": 0.66, "Train F1": 0.1438445105407824, "Valid F1": 0.1709141377072757, "Train Loss": 0.14938367022157245, "Valid Loss": 0.0028541245725419787}