{"First EP Train ACC": 0.47690217391304346, "First EP Train F1": 0.016772526932061813, "First EP Train Loss": 0.08898564107097656, "_runtime": 228, "_timestamp": 1618840285, "_step": 255, "Train ACC": 0.49283596837944665, "Valid ACC": 0.48777777777777775, "Train F1": 0.015720668542114843, "Valid F1": 0.017721978887027433, "Train Loss": 0.0709187581457875, "Valid Loss": 0.004896519713931614}