{"First EP Train ACC": 0.36846793349168644, "First EP Train F1": 0.013249750535749456, "First EP Train Loss": 0.3068031398955547, "_runtime": 94, "_timestamp": 1618637936, "_step": 424, "First EP Valid ACC": 0.3673744019138756, "First EP Valid F1": 0.013244143794619134, "First EP Valid Loss": 0.3068222447730708, "Train ACC": 0.36846793349168644, "Valid ACC": 0.5004444444444445, "Train F1": 0.013249750535749456, "Valid F1": 0.016269795399375793, "Train Loss": 0.3068031398955547, "Valid Loss": 0.010818508360120986}