{"First EP Train ACC": 0.47579051383399207, "First EP Train F1": 0.01784812341171258, "First EP Train Loss": 0.15284229688375836, "_runtime": 975, "_timestamp": 1618762561, "_step": 520, "Train ACC": 0.47579051383399207, "Valid ACC": 0.71, "Train F1": 0.01784812341171258, "Valid F1": 0.29260903883846295, "Train Loss": 0.15284229688375836, "Valid Loss": 0.00227142506175571}