{"First EP Train ACC": 0.4568922924901186, "First EP Train F1": 0.014255478488607323, "First EP Train Loss": 0.30669334065537207, "_runtime": 778, "_timestamp": 1618637044, "_step": 516, "First EP Valid ACC": 0.4556541019955654, "First EP Valid F1": 0.014295726045241803, "First EP Valid Loss": 0.30694961025815315, "Train ACC": 0.43873517786561267, "Valid ACC": 0.48777777777777775, "Train F1": 0.017750753750753752, "Valid F1": 0.017721978887027433, "Train Loss": 0.3045404003307282, "Valid Loss": 0.010848651462131076}