{"First EP Train ACC": 0.023468379446640316, "First EP Train F1": 0.00786963268647962, "First EP Train Loss": 0.11851991665928731, "_runtime": 828, "_timestamp": 1618749535, "_step": 267, "Train ACC": 0.023468379446640316, "Valid ACC": 0.48777777777777775, "Train F1": 0.00786963268647962, "Valid F1": 0.017721978887027433, "Train Loss": 0.11851991665928731, "Valid Loss": 0.005040609306759304}